time_s,x_m,y_m,z_m,dist_m
0.000,0.988225,-2.651166,8.813674,0.000000
2.700,0.678823,-0.660991,9.609989,2.165789
3.433,1.462876,-2.690265,8.223136,4.745723
3.733,1.095021,-0.899571,9.125811,6.784528
3.767,2.317367,-1.820881,8.439864,8.461867
3.900,-1.197499,2.729423,8.127955,14.220064
4.467,0.045914,1.501832,8.889143,16.125966
4.933,0.474945,1.555059,8.639067,16.625404
5.100,1.093762,-2.638072,7.753772,20.955419
5.467,1.459731,-2.851787,7.383884,21.517935
5.533,1.300409,-2.822066,7.422882,21.684632
5.700,-1.186107,2.724543,7.437693,27.763106
5.800,-0.333388,1.608523,8.236759,29.379007
5.833,1.130542,-2.866044,7.254029,34.188435
5.967,0.831184,1.307285,8.134625,38.464151
6.000,0.915850,-2.719435,7.368674,42.563947
6.033,0.873119,-3.075022,7.190021,42.964178
6.067,-0.867128,2.880396,7.264268,49.169093
6.133,-1.089405,2.765133,7.309431,49.423519
6.200,-0.954373,2.788732,7.278319,49.564084
6.233,1.382174,-2.426260,7.415125,55.280228
6.267,-0.640513,0.743266,8.377348,59.161339
6.367,-1.323454,3.027627,7.103485,61.864567
6.400,1.277393,-2.799090,7.260347,68.247328
6.567,1.307399,-2.464390,7.401271,68.611724
6.600,-0.461696,1.042563,8.215872,72.623206
6.733,-1.090405,2.291581,7.502077,74.193182
6.833,1.003115,-2.546750,7.379572,79.466442
6.933,-0.803699,2.349761,7.528392,84.687796
6.967,-0.209874,-1.358550,8.093113,88.485573
7.067,-0.645412,2.731585,7.282100,92.678022
7.233,-0.790999,2.292857,7.388110,93.152275
7.333,-0.600701,2.309365,7.397823,93.343535
7.367,0.758115,-2.293518,7.314047,98.143528
7.400,0.502881,-1.919393,7.474606,98.624042
7.500,0.505202,-1.835916,7.424607,98.721374
7.600,0.694895,-2.393259,7.129828,99.379789
7.633,0.659278,-2.307214,7.163119,99.478686
7.733,0.514409,-2.300120,7.190306,99.626254
7.800,-0.394698,0.859612,7.864098,102.982499
7.867,-0.692680,2.432941,7.072088,104.768959
7.933,0.152977,1.106964,7.713319,106.467349
7.967,-0.780129,2.223161,7.097664,108.047100
8.000,-0.731922,-1.275039,7.599685,111.581468
8.033,0.925514,-2.221137,6.974555,113.589697
8.100,-0.680920,2.011478,7.121088,118.119281
8.133,0.957672,-2.571127,6.843292,122.993953
8.167,0.981934,-2.578216,6.847613,123.019596
8.200,0.678525,-1.199053,7.648422,124.643001
8.233,0.864668,-2.225074,6.983865,125.879530
8.267,-0.647979,0.968055,7.578936,129.462584
8.300,0.525260,-2.505813,6.841430,133.202660
8.333,0.871395,-2.434461,6.797536,133.558787
8.367,0.636793,-2.442267,6.843810,133.798037
8.400,-0.608248,2.520211,6.813658,138.914405
8.433,0.529756,1.273764,7.445397,140.716564
8.467,-0.197654,1.082641,7.562590,141.477740
8.500,0.798831,-2.182230,6.874030,144.960051
8.533,-0.532880,2.385002,6.796111,149.718111
8.567,-0.499375,2.281610,6.798595,149.826824
8.600,-0.154928,-0.864573,7.494212,153.067348
8.700,-0.777777,-2.442887,6.810024,154.896864
8.733,-0.610225,1.981761,6.925890,159.326199
8.767,0.566343,-2.089813,6.845421,163.565125
8.800,0.496412,-2.288486,6.778396,163.786155
8.833,0.543079,-0.852590,7.314879,165.319709
8.867,-0.218583,2.227038,6.806303,168.532634
8.900,-0.362938,2.458825,6.691556,168.828828
8.933,0.188140,-2.270157,6.797120,173.590981
8.967,0.644178,-2.317072,6.716781,174.056412
9.033,0.139523,0.855935,7.298345,177.321510
9.067,0.211934,-1.777280,6.925247,179.982012
9.133,0.496962,-1.896206,6.884038,180.293592
9.167,0.236243,-2.021511,6.823305,180.589166
9.200,0.110576,-2.251715,6.719851,180.871104
9.233,-0.056445,2.258391,6.700102,185.384345
9.267,0.162733,-2.023276,6.837555,189.673820
9.300,0.310286,-1.854016,6.898512,189.906492
9.333,-0.035823,-1.994401,6.826231,190.286919
9.367,0.058518,-1.906077,6.839867,190.416870
9.400,0.045343,1.728128,6.892053,194.051473
9.467,0.037667,-1.906619,6.798093,197.687442
9.500,0.448939,1.899386,6.718106,201.516439
9.533,-0.084365,-1.427411,6.961058,204.894458
9.567,0.247922,1.677017,6.873618,208.017843
9.600,-0.328994,-1.682485,6.854151,211.426577
9.633,-0.469165,-1.915561,6.743799,211.720090
9.667,-0.584984,-1.984300,6.664927,211.876166
9.700,-0.537320,-1.900076,6.689217,211.975943
9.733,0.572013,1.984056,6.640399,216.015681
9.767,-0.274337,-1.895677,6.734008,219.987759
9.800,-0.353346,-2.001212,6.683392,220.128974
9.833,0.203817,2.011787,6.661236,224.180527
9.867,0.392437,2.062042,6.623903,224.379265
9.900,-0.420731,-1.985969,6.626896,228.508144
9.933,-0.317079,-1.973896,6.646474,228.614318
9.967,-0.280841,-1.978516,6.627833,228.655330
10.000,-0.346037,-1.888455,6.619318,228.766839
10.033,-0.415536,-1.441715,6.802798,229.254765
10.067,0.385809,1.731553,6.673897,232.530189
10.100,-0.606658,-1.362542,6.806418,235.782261
10.133,-0.600768,-1.775366,6.587174,236.249729
10.167,0.430104,1.727694,6.650972,239.901878
10.200,0.570732,1.595588,6.653417,240.094839
10.233,-0.570748,-1.900694,6.504830,243.775742
10.267,0.548448,2.046239,6.438828,247.878818
10.300,0.422353,1.870410,6.567744,248.130682
10.333,0.224632,1.670913,6.645393,248.422095
10.367,0.378961,1.922282,6.564952,248.727831
10.400,0.332186,1.517207,6.680625,249.151686
10.433,0.592576,2.073619,6.428635,249.815686
10.467,-0.629020,-1.848558,6.513034,253.924565
10.500,0.419987,2.319508,6.306402,258.227574
10.533,0.633956,1.888732,6.509050,258.749510
10.567,-0.489651,-1.975370,6.469291,262.773855
10.600,0.381614,0.445769,7.010441,265.403277
10.633,-0.451936,-1.931124,6.456954,267.982186
10.667,0.361131,2.134991,6.353114,272.130095
10.700,0.470757,2.068653,6.397843,272.265813
10.733,-0.689257,-1.811740,6.425512,276.315979
10.767,-0.857127,-1.938909,6.375505,276.532435
10.800,-0.659257,-1.678575,6.557284,276.906560
10.833,1.054609,1.539133,6.490880,280.552845
10.867,0.834950,1.601273,6.495740,280.781176
10.900,0.635525,1.660644,6.496381,280.989252
10.933,0.704716,1.891101,6.378341,281.257266
10.967,0.546784,1.830052,6.428650,281.433902
11.000,0.705074,1.625785,6.483324,281.698042
11.033,-0.795594,-1.636318,6.466767,285.288808
11.067,0.702369,1.553479,6.517849,288.813195
11.100,0.759864,1.739638,6.422478,289.030120
11.133,-0.700420,-1.498814,6.496304,292.583351
11.167,0.321042,0.526677,6.832448,294.876600
11.200,0.681666,1.634169,6.423382,296.111072
11.233,-0.740535,-1.603423,6.418232,299.647268
11.267,-0.820466,-1.526114,6.391770,299.761574
11.300,0.764761,1.799406,6.288962,303.447032
11.333,0.843384,1.777270,6.275596,303.529797
11.367,-0.932704,-1.744715,6.282639,307.474277
11.400,0.667516,1.785252,6.310738,311.350120
11.433,0.816695,1.783092,6.232695,311.518494
11.467,0.629159,1.802065,6.294805,311.716957
11.500,0.793851,1.702192,6.310016,311.910166
11.533,-0.950189,-1.787593,6.214365,315.812655
11.567,0.854847,1.531865,6.309764,319.592344
11.600,0.628986,1.831940,6.185828,319.987841
11.633,0.802223,1.683264,6.204643,320.216904
11.667,0.770757,1.730461,6.186107,320.276580
11.700,0.710900,1.726883,6.202728,320.338804
11.733,-0.975453,-1.530792,6.197433,324.007082
11.767,0.736367,1.703940,6.180927,327.666875
11.800,-0.741486,-1.500621,6.223434,331.196048
11.833,-0.895911,-1.660102,6.084089,331.458152
11.867,-0.864402,-1.778585,6.044016,331.587135
11.900,0.893343,1.740594,6.049371,335.520876
11.933,0.961751,1.685752,6.058524,335.609029
11.967,-1.023593,-1.811508,6.007228,339.630850
12.000,-0.826204,-1.668480,6.042239,339.877112
12.033,-0.819479,-1.424465,6.178355,340.156604
12.067,0.862544,1.671924,6.061200,343.682304
12.100,-0.815568,-1.671146,6.001594,347.423391
12.133,1.011145,1.639463,5.984675,351.204567
12.167,0.988390,1.558522,6.014054,351.293630
12.200,1.076292,1.697787,5.923458,351.481590
12.233,-0.926865,-1.685406,5.957085,355.413481
12.267,-1.075938,-1.639249,5.908528,355.576916
12.300,1.047826,1.713437,5.910090,359.545653
12.333,-1.096853,-1.688109,5.875867,363.567013
12.367,-0.983641,-1.651262,5.917851,363.693256
12.400,-1.214241,-1.756921,5.814109,363.967305
12.433,1.127696,1.809276,5.794786,368.233779
12.467,-1.150603,-1.695166,5.838252,372.413928
12.500,-1.110151,-1.631542,5.852302,372.490620
12.533,-1.179294,-1.639668,5.829675,372.563824
12.567,-1.147513,-1.558836,5.867038,372.658376
12.600,1.166735,1.692114,5.770170,376.650092
12.633,-1.003050,-1.686913,5.845226,380.666486
12.667,1.123551,1.735346,5.765279,384.696459
12.700,-1.000897,-1.664525,5.822122,388.705903
12.733,-1.148918,-1.724592,5.749767,388.881270
12.767,1.061332,1.699770,5.761024,392.957001
12.800,1.103062,1.564545,5.789676,393.101389
12.833,-1.152750,-1.548490,5.780452,396.945835
12.867,1.033424,1.601992,5.775402,400.780535
12.900,-1.144569,-1.738170,5.688322,404.769008
12.933,1.105703,1.763033,5.661046,408.931086
12.967,-1.108890,-1.522527,5.767484,412.894753
13.000,1.167709,1.526326,5.754728,416.699825
13.033,-1.223312,-1.632434,5.635463,420.663278
13.067,-1.180214,-1.512431,5.686966,420.800794
13.100,1.089696,1.551157,5.674446,424.613695
13.133,1.077473,1.586186,5.666904,424.651555
13.167,1.066036,1.567541,5.680037,424.677068
13.200,-1.155260,-1.500618,5.676970,428.464913
13.233,1.277747,1.554823,5.591909,432.371634
13.267,-1.252019,-1.543325,5.608037,436.371446
13.300,1.070656,1.595120,5.627666,440.275935
13.333,-1.344320,-1.572258,5.524086,444.260295
13.367,1.103360,1.586015,5.594918,448.256649
13.400,-1.140289,-1.418212,5.614333,452.006279
13.433,1.148680,1.647784,5.518557,455.833664
13.467,0.942533,1.580661,5.569689,456.056411
13.500,-0.975241,-1.658223,5.514311,459.820889
13.533,-1.115564,-1.572225,5.514562,459.985469
13.567,1.053672,1.609581,5.529201,463.836402
13.600,-1.082896,-1.415795,5.577194,467.540471
13.633,-1.004563,-1.426919,5.574809,467.619626
13.667,-0.873740,-1.536244,5.548459,467.792140
13.700,0.867209,1.508113,5.581092,471.299286
13.733,0.887346,1.579084,5.544987,471.381420
13.767,0.881254,1.585496,5.524212,471.403999
13.800,-0.865263,-1.543170,5.527202,474.987138
13.833,0.927664,1.558214,5.475017,478.569860
13.867,0.987991,1.550615,5.488375,478.632113
13.900,-0.896265,-1.459572,5.561866,482.184161
13.933,-1.088825,-1.398235,5.507009,482.393568
13.967,-0.979766,-1.458676,5.495073,482.518825
14.000,-1.063004,-1.472343,5.466347,482.607934
14.033,0.896317,1.511973,5.476139,486.177973
14.067,0.884429,1.457841,5.471785,486.233566
14.100,-0.963177,-1.494884,5.444929,489.716805
14.133,-0.809144,-1.354206,5.520155,489.938560
14.167,-0.909471,-1.524785,5.410520,490.164795
14.200,0.838633,1.457643,5.478327,493.622445
14.233,0.882747,1.582564,5.403509,493.774593
14.267,-0.923070,-1.521852,5.395216,497.366034
14.300,0.821925,1.570176,5.384461,500.916493
14.333,0.888290,1.501549,5.406510,501.014474
14.367,-1.017963,-1.577852,5.296594,504.637814
14.400,-0.978170,-1.569258,5.334143,504.693196
14.433,-0.746557,-1.526143,5.364206,504.930698
14.467,0.928379,1.526590,5.324518,508.412962
14.500,-0.881338,-1.560013,5.338890,511.991006
14.533,0.871257,1.632523,5.285313,515.633361
14.567,-0.922541,-1.639033,5.275715,519.364431
14.600,0.918702,1.535909,5.292033,523.034676
14.633,0.862386,1.681094,5.221796,523.205508
14.667,-0.836492,-1.577018,5.264120,526.880188
14.700,0.829164,1.665178,5.226042,530.525417
14.733,0.889186,1.675711,5.178821,530.602510
14.767,1.065338,1.649682,5.169969,530.780795
14.800,0.973481,1.719191,5.130345,530.902611
14.833,-0.962871,-1.660872,5.161874,534.798157
14.867,0.946226,1.769590,5.062133,538.725327
14.900,-1.057278,-1.691481,5.079669,542.724495
14.933,0.946541,1.816458,5.028769,546.764732
14.967,-1.195293,-1.595168,5.064298,550.793119
15.000,1.059518,1.764541,5.026332,554.839507
15.033,-1.080158,-1.633982,5.052232,558.855579
15.067,1.073639,1.791206,4.966469,562.902566
15.100,1.172563,1.711170,4.977142,563.030260
15.133,-1.179062,-1.732593,4.941620,567.200500
15.167,-1.227027,-1.692345,4.927847,567.264611
15.200,1.163376,1.706514,4.936866,571.419891
15.233,-1.251075,-1.760474,4.853999,575.645580
15.267,1.151315,1.782217,4.852000,579.926016
15.300,1.233020,1.760186,4.866224,580.011827
15.333,-1.277545,-1.711379,4.856191,584.296077
15.367,1.292077,1.745312,4.808179,588.603510
15.400,1.234341,1.691756,4.856507,588.695908
15.433,1.164330,0.258154,5.233036,590.179785
15.467,-1.285303,-1.672661,4.870675,593.319857
15.500,-1.270288,-1.752584,4.818972,593.416222
15.533,1.288301,1.654922,4.840446,597.677435
15.567,1.282775,1.743571,4.786661,597.781271
15.600,-1.203528,-1.724588,4.828507,602.048774
15.633,-1.288805,-1.701053,4.805383,602.140212
15.667,-1.299455,-1.717178,4.782829,602.169912
15.700,1.305262,1.698587,4.772561,606.465504
15.733,1.313894,1.706543,4.759420,606.483125
15.767,1.324478,1.726463,4.711672,606.535933
15.800,-1.320394,-1.698951,4.751054,610.863792
15.833,-1.277390,-1.691973,4.744382,610.907867
15.867,-1.269517,-1.674689,4.753513,610.928940
15.900,-1.324288,-1.651257,4.733058,610.991926
15.933,-1.305778,-1.588156,4.764437,611.064789
15.967,-1.299326,-1.651607,4.721091,611.141903
16.000,1.302750,1.605341,4.733674,615.310676
16.033,-1.247035,-1.718331,4.682436,619.500047
16.067,-1.180271,-1.729987,4.692023,619.568496
16.100,-1.229546,-1.674315,4.723365,619.649179
16.133,1.186426,1.677158,4.747684,623.780750
16.167,-1.206226,-1.708223,4.743934,627.926302
16.200,-1.200898,-1.733287,4.736508,627.952980
16.233,1.108683,1.741701,4.757618,632.125528
16.267,-1.139337,-1.657134,4.788278,636.200650
16.300,1.057241,1.766813,4.761284,640.268708
16.333,1.073778,1.629636,4.828763,640.422476
16.367,1.059546,1.664764,4.810584,640.464512
16.400,1.113550,1.676944,4.800132,640.520851
16.433,-1.037543,-1.631393,4.856285,644.467426
16.467,1.027029,1.625124,4.853137,648.323249
16.500,-1.049764,-1.563449,4.835331,652.128559
16.533,-1.025020,-1.513755,4.868414,652.193183
16.567,-1.062456,-1.512616,4.849922,652.234952
16.600,1.019732,1.540008,4.868500,655.930134
16.633,0.948213,1.538533,4.886991,656.004020
16.667,0.937336,1.587258,4.848282,656.067193
16.700,1.005974,1.546115,4.868502,656.149732
16.733,0.977977,1.612437,4.832454,656.230242
16.767,0.939503,1.565526,4.871321,656.302295
16.800,0.875892,1.534852,4.890445,656.375458
16.833,-0.948874,-1.545089,4.881695,659.955387
16.867,-0.923802,-1.455774,4.917691,660.054893
16.900,0.972167,1.605205,4.832515,663.656497
16.933,-0.970352,-1.455688,4.901929,667.282412
16.967,-0.921633,-1.497850,4.917361,667.348664
17.000,1.049120,1.556726,4.819036,670.985142
17.033,1.068905,1.480117,4.867393,671.077871
17.067,-1.053352,-1.544273,4.853475,674.772612
17.100,0.998027,1.495430,4.875283,678.439822
17.133,0.859193,1.502129,4.898243,678.580701
17.167,-0.977155,-1.471426,4.899515,682.075584
17.200,-1.034675,-1.488438,4.891000,682.136168
17.233,1.091074,1.534828,4.839012,685.832335
17.267,-0.942521,-1.488822,4.902168,689.476777
17.300,1.019885,1.576193,4.800585,693.117610
17.333,0.934717,1.506744,4.893827,693.261731
17.367,-1.003818,-1.492608,4.871681,696.833078
17.400,-0.957031,-1.445706,4.919857,696.914991
17.433,-0.904452,-1.499195,4.920180,696.989995
17.467,-0.939588,-1.417458,4.933157,697.079906
17.500,0.963999,1.466724,4.908097,700.535738
17.533,0.814586,1.629916,4.836550,700.768278
17.567,0.912375,1.539437,4.878012,700.907807
17.600,-0.898458,-1.474446,4.930873,704.424254
17.633,0.928620,1.436492,4.942561,707.861100
17.667,-0.938978,-1.390796,4.954699,711.249554
17.700,-0.853722,-1.388921,4.971749,711.336518
17.733,-0.899243,-1.394732,4.940041,711.392298
17.767,-0.797094,-1.442936,4.960916,711.507162
17.800,0.867605,1.481142,4.928865,714.872052
17.833,-0.813452,-1.415837,4.968541,718.221681
17.867,-0.786421,-1.454340,4.982478,718.270746
17.900,0.742947,1.476855,4.982779,721.576933
17.933,-0.849046,-1.433337,4.974288,724.894120
17.967,-0.815383,-1.375227,4.995426,724.964525
18.000,0.743931,1.477630,4.931285,728.216350
18.033,-0.750034,-1.393745,4.977373,731.453455
18.067,0.748779,1.424070,4.942187,734.645281
18.100,-0.818257,-1.339994,4.987485,737.822970
18.133,0.754390,1.456785,4.936367,741.031989
18.167,-0.862478,-1.340832,4.978560,744.263507
18.200,0.812161,1.322030,5.007838,747.409315
18.233,0.791962,1.443053,4.957394,747.541977
18.267,0.856461,1.403706,4.936357,747.620405
18.300,0.635365,1.424157,4.957295,747.843430
18.333,-0.746360,-1.295386,5.012149,750.894346
18.367,0.672352,1.409304,4.971051,753.948816
18.400,0.551879,1.461048,4.957415,754.080638
18.433,-0.716943,-1.305686,4.992300,757.124640
18.467,-0.730169,-1.381373,4.953746,757.210604
18.500,0.473565,1.335326,5.001258,760.182420
18.533,0.514181,1.336561,5.035909,760.235823
18.567,0.631326,1.266381,5.008263,760.375152
18.600,-0.747014,-1.343109,4.949200,763.326888
18.633,0.660694,1.328889,4.977395,766.347154
18.667,-0.148404,1.457090,5.016482,767.167278
18.700,-0.637036,-1.413064,4.968645,770.079122
18.733,-0.604577,-1.392850,4.933011,770.131390
18.767,-0.590087,-1.404188,4.935608,770.149971
18.800,-0.621711,-1.409933,4.931077,770.182431
18.833,-0.681457,-1.297315,4.958979,770.312933
18.867,-0.638954,-1.449711,4.885129,770.487532
18.900,-0.592967,-1.368968,4.942096,770.596525
18.933,-0.569500,-1.332831,4.964371,770.645031
18.967,-0.598330,-1.398039,4.955495,770.716878
19.000,0.506649,1.518318,4.856857,773.837110
19.033,-0.442870,-1.353024,4.954956,776.862968
19.067,0.516984,1.414339,4.896340,779.792653
19.100,-0.506025,-1.432166,4.895620,782.817408
19.133,0.395317,1.485707,4.888017,785.871333
19.167,0.431271,1.499983,4.870070,785.913978
19.200,0.539697,1.459953,4.868069,786.029576
19.233,-0.499189,-1.362998,4.908520,789.037893
19.267,0.095674,0.682687,5.242849,791.194387
19.300,0.335631,1.496076,4.855402,792.126747
19.333,0.386250,1.370297,4.875257,792.263776
19.367,-0.471078,-1.292261,4.905792,795.061124
19.400,0.392715,1.420476,4.812219,797.909603
19.433,0.366393,1.332064,4.866449,798.016610
19.467,0.327420,1.461479,4.775912,798.179288
19.500,-0.440076,-1.417407,4.787428,801.158744
19.533,0.346567,1.355109,4.793240,804.040702
19.567,-0.317760,-1.363450,4.793314,806.839255
19.600,-0.269759,-1.379387,4.774482,806.893224
19.633,-0.275654,-1.322799,4.797687,806.954668
19.667,0.141473,1.386674,4.744698,809.696574
19.700,0.233408,1.374111,4.717254,809.793337
19.733,0.184872,1.499814,4.626413,809.955846
19.767,-0.096430,-0.257761,5.004715,811.775547
19.800,-0.299104,-0.434984,4.958525,812.048710
19.833,0.099064,1.483386,4.544906,814.051149
19.867,-0.282515,-1.481111,4.503562,817.040388
19.900,-0.192838,-1.525303,4.452889,817.152472
19.933,0.070092,1.606963,4.382619,820.296540
19.967,0.167892,1.553259,4.382935,820.408116
20.000,-0.178967,-1.574372,4.358497,823.555016
20.033,0.054099,1.601819,4.323181,826.739943
20.067,0.110197,1.578792,4.318605,826.800756
20.100,-0.139596,-1.647939,4.250338,830.037861
20.133,0.162011,1.562359,4.296712,833.262629
20.167,0.119743,1.585096,4.269230,833.317935
20.200,-0.132113,-1.594872,4.242520,836.507973
20.233,-0.162943,-1.590311,4.253917,836.541156
20.267,0.232904,1.628924,4.234363,839.784696
20.300,0.246950,1.680382,4.200804,839.847716
20.333,0.272110,1.682165,4.204387,839.873192
20.367,0.279009,1.699212,4.204548,839.891583
20.400,0.255088,1.682263,4.196721,839.921927
20.433,0.405726,1.716866,4.155403,840.081915
20.467,0.351439,1.681573,4.155350,840.146666
20.500,0.355788,1.608651,4.201320,840.232978
20.533,0.424373,1.633795,4.157999,840.317906
20.567,0.442855,1.617761,4.163118,840.342904
20.600,-0.442773,-1.566818,4.202435,843.648569
20.633,0.498438,1.571781,4.151576,846.925651
20.667,0.469166,1.535120,4.196000,846.990260
20.700,-0.581669,-1.501057,4.205748,850.203159
20.733,-0.607039,-1.554976,4.136215,850.294733
20.767,-0.685059,-1.472118,4.175082,850.414996
20.800,0.591696,1.487178,4.181152,853.637971
20.833,0.545104,1.497953,4.183598,853.685855
20.867,-0.631534,-1.492220,4.163889,856.899264
20.900,0.634661,1.402538,4.198234,860.059019
20.933,-0.597483,-1.442877,4.190022,863.159767
20.967,0.586889,1.394748,4.200569,866.234660
21.000,0.640446,1.369976,4.160284,866.306109
21.033,0.635080,1.480111,4.118468,866.424037
21.067,-0.671201,-1.445406,4.119705,869.627944
21.100,-0.676655,-1.384150,4.146605,869.695069
21.133,-0.624372,-1.433055,4.140446,869.766924
21.167,-0.626082,-1.392701,4.181048,869.824195
21.200,0.709167,1.389825,4.144944,872.910721
21.233,0.675684,1.409637,4.119349,872.957291
21.267,0.611783,1.404169,4.154762,873.030553
21.300,-0.641603,-1.374913,4.149737,876.079209
21.333,1.108768,1.109969,4.198847,879.119085
21.367,0.278623,-1.200187,4.416046,881.583459
21.400,0.693999,1.365660,4.130699,884.198327
21.433,-0.662836,-1.370029,4.133707,887.252015
21.467,0.656812,1.350062,4.143245,890.275334
21.500,0.666810,1.344154,4.137515,890.288283
21.533,-0.668049,-1.384838,4.104180,893.326433
21.567,0.659361,1.351802,4.131975,896.368140
21.600,-0.695302,-0.076262,4.333081,898.346757
21.633,0.623535,1.362610,4.104154,900.311978
21.667,0.673473,1.364414,4.088131,900.364454
21.700,0.595557,1.368279,4.096261,900.442889
21.733,-0.627499,-1.305461,4.117760,903.383163
21.767,0.597896,1.319609,4.117951,906.280159
21.800,0.671422,1.336547,4.103543,906.356975
21.833,-0.631743,-1.304939,4.130992,909.302554
21.867,0.586468,1.268330,4.141903,912.149636
21.900,-0.572153,-1.309066,4.113963,914.975615
21.933,-0.621443,-1.264866,4.130803,915.043929
21.967,-0.615457,-1.326335,4.105003,915.110861
22.000,-0.690290,-1.343546,4.069156,915.195604
22.033,0.618584,1.310644,4.077853,918.154987
22.067,-0.685270,-1.254982,4.101363,921.033011
22.100,-0.737727,-0.121208,4.261571,922.179249
22.133,0.582644,1.247597,4.099841,924.087956
22.167,-0.655051,-1.272909,4.052608,926.896350
22.200,0.622224,1.279497,4.053170,929.750506
22.233,-0.625092,-1.281107,4.042227,932.598770
22.267,0.553069,1.253932,4.040539,935.394210
22.300,0.526617,1.201935,4.051193,935.453513
22.333,0.547738,1.211132,4.037619,935.480251
22.367,0.614089,1.217194,4.019944,935.549183
22.400,-0.584835,-1.204671,4.021986,938.251562
22.433,0.576708,1.205132,3.996055,940.926819
22.467,-0.557985,-1.198510,3.993631,943.584831
22.500,-0.658075,-1.203064,3.943332,943.696941
22.533,0.549204,1.298103,3.920469,946.474329
22.567,0.540724,1.255729,3.930927,946.518791
22.600,0.530987,1.221624,3.938583,946.555075
22.633,0.574452,1.128889,3.951683,946.658326
22.667,-0.592946,-1.174729,3.910036,949.241193
22.700,0.559826,1.221962,3.880603,951.900869
22.733,0.607629,1.237929,3.865259,951.953553
22.767,0.586494,1.262094,3.850409,951.988925
22.800,0.601687,1.315552,3.815325,952.054647
22.833,0.576770,1.298467,3.815121,952.084860
22.867,0.704809,1.258782,3.792657,952.220778
22.900,0.702661,1.297207,3.766196,952.267482
22.933,0.752934,1.285370,3.748079,952.322215
22.967,0.724026,1.285500,3.737663,952.352942
23.000,-0.684409,-1.304189,3.709477,955.300987
23.033,-0.712037,-1.299456,3.692436,955.333792
23.067,0.712390,1.306683,3.678863,958.303832
23.100,-0.755951,-1.286546,3.657552,961.283985
23.133,-0.857353,-1.264283,3.637210,961.389777
23.167,-0.780252,-1.241574,3.657641,961.472708
23.200,0.795444,1.268338,3.632556,964.436339
23.233,0.800610,1.301103,3.602442,964.481139
23.267,-0.802465,-1.246068,3.625675,967.490869
23.300,-0.840035,-1.273320,3.582624,967.554174
23.333,-0.860817,-1.248552,3.586606,967.586750
23.367,-0.848881,-1.237931,3.587990,967.602787
23.400,-0.841549,-1.275536,3.552650,967.654911
23.433,-0.852722,-1.246400,3.555284,967.686226
23.467,-0.037708,-0.521554,3.888734,968.826769
23.500,0.797696,1.242831,3.578138,970.803490
23.533,0.847441,1.270355,3.534201,970.875341
23.567,0.851426,1.269719,3.516490,970.893506
23.600,-0.888106,-1.234273,3.524795,973.942444
23.633,0.864285,1.255258,3.514813,976.986904
23.667,-0.846613,-1.263951,3.515662,980.032160
23.700,-0.869552,-1.249777,3.511379,980.059463
23.733,-0.913851,-1.247327,3.500758,980.105083
23.767,0.381226,0.557028,3.856764,982.354452
23.800,0.887094,1.240332,3.502366,983.275540
23.833,0.870626,1.237379,3.498029,983.292823
23.867,-0.908967,-1.206556,3.492477,986.316034
23.900,-0.836681,-1.211158,3.509368,986.390411
23.933,-0.890921,-1.240017,3.474972,986.460823
23.967,-0.859464,-1.250590,3.470367,986.494328
24.000,-0.851521,-1.196251,3.489016,986.552324
24.033,0.846154,1.211086,3.481408,989.498072
24.067,0.853252,1.175343,3.479966,989.534541
24.100,0.861146,1.173823,3.469639,989.547628
24.133,-0.842259,-1.169225,3.476263,992.444438
24.167,0.854314,1.172496,3.469576,995.336161
24.200,0.851581,1.160575,3.460841,995.351191
24.233,0.846510,1.210831,3.423483,995.414016
24.267,0.837227,1.169962,3.445815,995.461504
24.300,-0.829053,-1.192719,3.433225,998.352681
24.333,-0.843747,-1.113887,3.462705,998.438118
24.367,0.795965,1.143951,3.454539,1001.228558
24.400,0.810767,1.177613,3.419759,1001.279173
24.433,-0.830141,-1.139172,3.430567,1004.118220
24.467,0.787338,1.179821,3.422673,1006.945591
24.500,-0.842913,-1.138233,3.408673,1009.779544
24.533,-0.853712,-1.146652,3.404224,1009.793941
24.567,0.859309,1.155845,3.394303,1012.663790
24.600,-0.826926,-1.127457,3.424643,1015.502412
24.633,-0.855706,-1.117879,3.408679,1015.536689
24.667,-0.848920,-1.122140,3.414434,1015.546553
24.700,0.819360,1.131054,3.405531,1018.350144
24.733,0.838580,1.128214,3.408031,1018.369734
24.767,-0.811973,-1.106746,3.419605,1021.148134
24.800,-0.836434,-1.087951,3.412707,1021.179743
24.833,-0.808384,-1.106682,3.414297,1021.213510
24.867,0.803524,1.086678,3.413544,1023.935472
24.900,-0.841450,-1.092031,3.386484,1026.665571
24.933,0.823173,1.129487,3.373097,1029.441592
24.967,0.844895,1.104694,3.371330,1029.474601
25.000,0.857943,1.089851,3.348821,1029.504555
25.033,-0.793508,-1.128815,3.353282,1032.270381
25.067,-0.828291,-1.090949,3.345970,1032.322315
25.100,0.381242,0.518279,3.629370,1034.355268
25.133,-0.828612,-1.120293,3.307735,1036.417333
25.167,-0.859308,-1.081537,3.301191,1036.467204
25.200,-0.852107,-1.084806,3.284503,1036.485671
25.233,-0.849068,-1.090969,3.271236,1036.500611
25.267,0.858334,1.092593,3.246527,1039.272574
25.300,-0.872521,-1.067603,3.248053,1042.040662
25.333,-0.896010,-1.071166,3.236426,1042.067111
25.367,0.716761,0.265121,3.478191,1044.175462
25.400,0.859997,1.152601,3.165755,1045.127172
25.433,0.813352,1.163618,3.159390,1045.175521
25.467,0.870260,1.143370,3.137076,1045.239913
25.500,0.916337,1.100683,3.127569,1045.303440
25.533,-0.911645,-1.151902,3.078405,1048.204831
25.567,0.471811,0.608373,3.425524,1050.470446
25.600,0.921428,1.170761,3.033634,1051.290211
25.633,0.936542,1.163837,3.014595,1051.315487
25.667,0.428288,0.518350,3.419888,1052.231587
25.700,0.932013,1.208703,2.968690,1053.197974
25.733,0.923928,1.226511,2.933338,1053.238375
25.767,0.938652,1.216384,2.921203,1053.259976
25.800,-0.940958,-1.230943,2.892490,1056.345939
25.833,-0.997852,-1.140715,2.893691,1056.452614
25.867,0.980916,1.178185,2.864109,1059.501170
25.900,0.972186,1.200771,2.836360,1059.537998
25.933,0.983118,1.187311,2.816111,1059.564657
25.967,0.471862,0.529933,3.279626,1060.517744
26.000,1.059553,1.129447,2.768144,1061.500807
26.033,-1.047735,-1.134505,2.757850,1064.593742
26.067,-1.075348,-1.141076,2.733903,1064.630878
26.100,0.427837,0.449258,3.260442,1066.881649
26.133,1.086478,1.113864,2.717090,1067.963657
26.167,1.077700,1.131773,2.688813,1067.998260
26.200,-1.091049,-1.113487,2.683098,1071.119910
26.233,-1.080775,-1.114261,2.665597,1071.140219
26.267,-1.106562,-1.105195,2.650075,1071.171653
26.300,0.008373,0.011021,0.001739,1074.254298
26.400,0.005134,-0.075949,0.012226,1074.341958
26.433,-1.203529,-1.176242,2.455165,1077.281254
26.633,0.010631,0.007193,0.003809,1080.261832
26.733,-1.130065,-1.113229,2.534457,1083.255277
26.767,0.009687,-0.000740,0.004948,1086.244437
26.800,-1.141355,-1.083997,2.544987,1089.236116
26.833,-0.188182,-0.135062,0.006871,1092.108580
26.867,-1.152251,-1.076967,2.523675,1094.963562
26.933,-1.160718,-1.068758,2.505525,1094.985207
26.967,-1.159145,-1.069453,2.503865,1094.987598
27.100,-1.161031,-1.070991,2.466041,1095.025499
27.133,1.149433,1.080580,2.460636,1098.182639
27.167,-1.157159,-1.051925,2.455438,1101.323972
27.200,1.157018,1.050458,2.444047,1104.450561
27.267,1.179203,1.030147,2.419323,1104.489496
27.333,-1.174973,-1.023476,2.395229,1107.613611
27.367,-1.170087,-1.034867,2.382205,1107.631590
27.400,-1.158467,-1.010272,2.395710,1107.661959
27.433,1.159780,1.014052,2.375251,1110.739714
27.467,-1.152579,-1.012277,2.378998,1113.814292
27.500,-1.145074,-1.011810,2.365492,1113.829751
27.533,-1.178656,-0.988830,2.345987,1113.874877
27.600,1.165400,0.991440,2.333517,1116.943463
27.633,-1.159930,-0.994079,2.322569,1120.001170
27.667,1.155473,0.985032,2.315307,1123.047155
27.733,-1.163352,-0.985165,2.284247,1126.090113
27.767,-1.155154,-0.989173,2.281773,1126.099568
27.800,-1.158740,-0.974149,2.272897,1126.117383
27.867,1.149690,0.967975,2.256524,1129.134163
27.900,-0.617604,-0.442993,2.827730,1131.466637
27.967,1.138713,0.963366,2.233343,1133.793821
28.000,-1.129252,-0.951977,2.233282,1136.762357
28.033,1.145160,0.962538,2.204051,1139.735432
28.167,-1.136904,-0.941370,2.155140,1142.707818
28.200,-1.146728,-0.913671,2.143600,1142.739392
28.267,-0.003641,-0.020023,0.003768,1145.324761
28.300,-1.122061,-0.934052,2.083255,1147.856674
28.367,1.066507,1.011573,2.070775,1150.785060
28.400,-0.246370,-0.182246,2.745938,1152.683663
28.433,1.052316,1.040512,2.021692,1154.608826
28.467,-1.062529,-1.026859,2.001539,1157.566359
28.500,0.239741,0.256189,2.707505,1159.526080
28.533,1.089076,0.961584,1.963667,1160.857338
62.967,1.406237,-2.822645,2.052495,1164.655874
63.000,1.446444,-2.782052,2.051568,1164.713016
63.033,1.417582,-2.795192,2.027381,1164.752900
63.067,1.425653,-2.778856,2.044131,1164.777650
63.100,1.436782,-2.756857,2.042200,1164.802378
63.133,1.416716,-2.755998,2.031895,1164.824952
63.167,1.416739,-2.742419,2.048410,1164.846333
63.200,1.414785,-2.738346,2.025573,1164.869612
63.233,1.409003,-2.732475,2.017713,1164.881001
63.267,1.411977,-2.722224,2.020920,1164.892146
63.300,1.408562,-2.716287,2.014010,1164.901875
63.333,1.428028,-2.683141,2.025199,1164.941910
63.367,1.408462,-2.698820,2.017999,1164.967998
63.400,1.412186,-2.688162,2.022777,1164.980258
63.433,1.407681,-2.680426,2.026775,1164.990062
63.467,1.411532,-2.672820,2.020848,1165.000445
63.500,1.401175,-2.669572,2.009248,1165.016331
63.533,1.412005,-2.656135,2.015520,1165.034694
63.567,1.400648,-2.653667,2.006832,1165.049204
63.600,1.391231,-2.650160,2.000137,1165.061279
63.633,1.393324,-2.641121,2.003436,1165.071126
63.667,1.397442,-2.632964,2.002339,1165.080329
63.700,1.390492,-2.628365,2.002604,1165.088667
63.733,1.397243,-2.621520,1.991367,1165.103456
63.767,1.388860,-2.617719,1.991976,1165.112681
63.800,1.389363,-2.612923,1.984169,1165.121857
63.833,1.392772,-2.611329,1.965045,1165.141348
63.867,1.388213,-2.610506,1.946034,1165.160915
63.900,1.388924,-2.600647,1.967149,1165.184229
63.933,1.385576,-2.600097,1.948451,1165.203232
63.967,1.384139,-2.596182,1.941592,1165.211259
64.000,1.384911,-2.592285,1.933518,1165.220257
64.033,1.385371,-2.586522,1.941118,1165.229806
64.067,1.383079,-2.584606,1.932522,1165.238906
64.100,1.383317,-2.579713,1.934406,1165.244155
64.133,1.380681,-2.575071,1.940284,1165.252095
64.167,1.384068,-2.571862,1.929819,1165.263553
64.200,1.379215,-2.569653,1.924606,1165.271009
64.233,1.384434,-2.562419,1.931027,1165.282000
64.267,1.399194,-2.549647,1.937807,1165.302663
64.300,1.387242,-2.551417,1.932439,1165.315885
64.333,1.390101,-2.544251,1.928818,1165.324408
64.367,1.393319,-2.537139,1.934317,1165.333957
64.400,1.399500,-2.531166,1.932626,1165.342717
64.433,1.404416,-2.523327,1.933819,1165.352045
64.467,1.392145,-2.523140,1.923886,1165.367834
64.500,1.397222,-2.514631,1.932424,1165.380913
64.533,1.399984,-2.505022,1.952158,1165.403036
64.567,1.401790,-2.497643,1.955793,1165.411457
64.600,1.393349,-2.495750,1.944998,1165.425290
64.633,1.399657,-2.488291,1.943052,1165.435250
64.667,1.395517,-2.482239,1.947856,1165.444016
64.700,1.395331,-2.477888,1.935764,1165.456867
64.733,1.395866,-2.468476,1.943415,1165.469009
64.767,1.393873,-2.461648,1.938654,1165.477568
64.800,1.398376,-2.449782,1.950047,1165.494624
64.833,1.395216,-2.441367,1.957630,1165.506383
64.867,1.388891,-2.436673,1.945776,1165.520615
64.900,1.392485,-2.425136,1.959212,1165.538685
64.933,1.403030,-2.407568,1.986859,1165.573098
64.967,1.388782,-2.410182,1.955883,1165.607293
65.000,1.377960,-2.406938,1.947719,1165.621233
65.033,1.368033,-2.400410,1.968069,1165.644797
65.067,1.376432,-2.389115,1.963151,1165.659707
65.100,1.387657,-2.372783,1.989621,1165.692774
65.133,1.447953,-2.321377,2.082894,1165.815158
65.167,1.464923,-2.298593,2.113387,1165.856834
65.200,1.405345,-2.379996,1.864277,1166.125593
65.233,1.410301,-2.370343,1.867837,1166.137013
65.267,1.475032,-2.264959,2.136021,1166.432340
65.367,1.484691,-2.231719,2.162740,1166.476069
65.500,1.354169,-2.487005,1.984663,1166.813587
65.533,1.368097,-2.491514,1.978301,1166.829550
65.567,1.359644,-2.488275,1.981169,1166.839046
65.600,1.348505,-2.488168,1.981922,1166.850211
65.633,1.346183,-2.481243,1.998257,1166.868105
65.667,1.356033,-2.475137,1.998442,1166.879696
65.700,1.354836,-2.470893,2.004084,1166.886857
65.733,1.360661,-2.463500,1.987996,1166.905496
65.767,1.344002,-2.461435,1.992292,1166.922823
65.800,1.334254,-2.455361,1.973630,1166.944736
65.833,1.337777,-2.437404,1.985291,1166.966435
65.867,1.333468,-2.436739,1.985755,1166.970819
65.900,1.338717,-2.423247,1.972800,1166.990246
65.933,1.346777,-2.405219,1.977355,1167.010512
65.967,1.335511,-2.394221,1.963085,1167.031760
66.000,1.297276,-2.393327,1.958949,1167.070228
66.033,1.282476,-2.399146,1.943159,1167.092638
66.067,1.277949,-2.381953,1.950050,1167.111706
66.100,1.279106,-2.382932,1.934190,1167.127637
66.133,1.216431,-2.373891,1.942000,1167.191441
66.167,1.210186,-2.365274,1.938083,1167.202780
66.200,1.206088,-2.354630,1.933465,1167.215085
66.233,1.199818,-2.343192,1.929425,1167.228741
66.267,1.191537,-2.332281,1.921929,1167.244355
66.300,1.180815,-2.321544,1.916955,1167.260323
66.333,1.169826,-2.311222,1.912405,1167.276072
66.367,1.157178,-2.298643,1.909509,1167.294143
66.400,1.147649,-2.286253,1.905968,1167.310170
66.433,1.142196,-2.273954,1.900179,1167.324816
66.467,1.132501,-2.262992,1.895476,1167.340187
66.500,1.127157,-2.250701,1.894199,1167.353650
66.533,1.116354,-2.241016,1.887518,1167.369623
66.567,1.108582,-2.226294,1.893857,1167.387437
66.600,1.112770,-2.213954,1.889766,1167.401095
66.633,1.266352,-2.231167,1.857763,1167.558917
66.667,1.275169,-2.222200,1.856718,1167.571537
66.700,1.269110,-2.210531,1.848543,1167.587020
66.733,1.263071,-2.200041,1.842166,1167.600701
66.767,1.263471,-2.190879,1.831544,1167.614734
66.800,1.258804,-2.181115,1.817243,1167.632669
66.833,1.257062,-2.170841,1.815213,1167.643285
66.867,1.261934,-2.163246,1.816993,1167.652482
66.900,1.251637,-2.154824,1.806660,1167.669325
66.933,1.256737,-2.148818,1.804997,1167.677378
66.967,1.253392,-2.143199,1.796606,1167.688017
67.000,1.250591,-2.136466,1.784045,1167.702541
67.033,1.241832,-2.129607,1.775716,1167.716438
67.067,1.251444,-2.120490,1.779829,1167.730310
67.100,1.240441,-2.115002,1.761235,1167.752602
67.133,1.244994,-2.105770,1.763869,1167.763227
67.167,1.239055,-2.100373,1.755106,1167.775109
67.200,1.243864,-2.091359,1.767820,1167.791419
67.233,1.234335,-2.084860,1.754828,1167.808792
67.267,1.235549,-2.077431,1.748818,1167.818426
67.300,1.230301,-2.070756,1.739671,1167.830906
67.333,1.235667,-2.063059,1.750958,1167.845583
67.367,1.230634,-2.059080,1.741662,1167.856879
67.400,1.233935,-2.052979,1.736313,1167.865638
67.433,1.221203,-2.047049,1.730760,1167.880741
67.467,1.224416,-2.041329,1.735238,1167.888685
67.500,1.220317,-2.035811,1.731078,1167.896719
67.533,1.221527,-2.032929,1.733616,1167.900745
67.567,1.213896,-2.027366,1.732866,1167.910218
67.600,1.213644,-2.023459,1.730412,1167.914839
67.633,1.217535,-2.018422,1.743154,1167.929081
67.667,1.213043,-2.015596,1.734087,1167.939587
67.700,1.212416,-2.011836,1.742245,1167.948593
67.733,1.206970,-2.010148,1.739562,1167.954894
67.767,1.210232,-2.006097,1.741594,1167.960478
67.800,1.218019,-2.001538,1.754936,1167.976585
67.833,1.209496,-1.998142,1.741361,1167.992970
67.867,1.209069,-1.994550,1.734428,1168.000790
67.900,1.208280,-1.990518,1.742457,1168.009809
67.933,1.207730,-1.985555,1.743152,1168.014851
67.967,1.208770,-1.981420,1.739376,1168.020546
68.000,1.206965,-1.974895,1.734605,1168.028829
68.033,1.207277,-1.969607,1.731207,1168.035122
68.067,1.204897,-1.963222,1.730249,1168.042004
68.100,1.201703,-1.955149,1.730406,1168.050686
68.133,1.194714,-1.947609,1.713858,1168.070168
68.167,1.193088,-1.936860,1.708445,1168.082312
68.200,1.192564,-1.924545,1.704010,1168.095412
68.233,1.185461,-1.913849,1.692380,1168.112736
68.267,1.184173,-1.901894,1.693643,1168.124826
68.300,1.184266,-1.890499,1.683597,1168.140017
68.333,1.175626,-1.878502,1.670202,1168.159967
68.367,1.172095,-1.866642,1.664985,1168.173396
68.400,1.171663,-1.852727,1.664005,1168.187352
68.433,1.162899,-1.840099,1.654779,1168.205280
68.467,1.161410,-1.828930,1.646212,1168.219434
68.500,1.158953,-1.814223,1.648889,1168.234584
68.533,1.156092,-1.802782,1.634619,1168.253097
68.567,1.151952,-1.789325,1.627835,1168.268725
68.600,1.149030,-1.775854,1.621318,1168.283972
68.633,1.144804,-1.762011,1.612791,1168.300772
68.700,2.346787,-0.137648,-0.755620,1171.414079
68.733,0.289513,1.052506,0.104207,1173.941557
68.800,1.103211,-2.316169,-0.362262,1177.438365
68.833,0.290146,1.052687,0.104042,1180.935178
68.900,0.181669,2.750688,0.555360,1182.695481
68.933,2.006465,0.301910,-0.541467,1185.940388
69.167,0.260127,-2.137158,0.160540,1189.021226
69.200,1.000856,-2.127618,-0.725758,1190.176343
69.233,2.280170,-0.487887,-0.792606,1192.257168
69.267,2.190014,-0.689470,-0.732454,1192.486039
69.300,2.344759,-0.187885,-0.191904,1193.239517
69.333,-0.645527,-1.633789,-1.800937,1196.930240
69.367,2.004612,0.406100,-0.243015,1200.619617
69.400,2.238322,0.037822,-0.217661,1201.056528
69.433,2.224339,-0.219511,-0.425148,1201.387387
69.467,0.984159,-2.030656,-0.768553,1203.609147
69.500,1.525978,-1.884198,-0.762242,1204.170446
69.533,2.350396,-0.371421,-0.141143,1206.001818
69.567,0.180742,-1.981056,-0.340583,1208.710710
69.600,1.956699,0.635729,0.156670,1211.912092
69.633,-0.007113,-1.889302,-0.410996,1215.160873
69.667,1.979499,0.792289,0.394280,1218.593951
69.700,0.430432,-1.991417,-0.579794,1221.925234
69.733,1.187845,-1.242131,1.593703,1224.345810
69.767,1.186433,-1.234308,1.584114,1224.358266
69.800,1.186041,-1.221415,1.584975,1224.371193
69.833,1.190856,-1.209923,1.587279,1224.383864
69.867,1.189522,-1.201306,1.583755,1224.393270
69.900,1.196955,-1.197452,1.571318,1224.408262
69.933,1.197852,-1.186910,1.572268,1224.418884
69.967,1.196507,-1.174697,1.574004,1224.431293
70.000,1.196778,-1.165191,1.574565,1224.440819
70.033,1.197806,-1.157615,1.572861,1224.448652
70.067,1.194821,-1.145220,1.579111,1224.462851
70.100,1.192741,-1.135481,1.582996,1224.473542
70.133,1.189109,-1.125280,1.587304,1224.485195
70.167,1.187175,-1.116212,1.590283,1224.494933
70.200,1.184261,-1.104312,1.596072,1224.508484
70.233,1.178755,-1.087615,1.605277,1224.528330
70.267,1.176441,-1.075280,1.608810,1224.541367
70.300,1.169553,-1.054632,1.622229,1224.566938
70.333,1.164015,-1.037404,1.630788,1224.586956
70.367,1.156792,-1.018000,1.641480,1224.610258
70.400,1.149736,-0.995801,1.649886,1224.635022
70.433,1.146771,-0.986867,1.633829,1224.653634
70.467,1.140868,-0.968567,1.640419,1224.673960
70.500,1.122288,-0.940043,1.668521,1224.718103
70.533,1.115109,-0.919068,1.676332,1224.741609
70.567,1.107154,-1.069479,1.538935,1224.945483
70.600,1.107032,-1.062215,1.530136,1224.956894
70.633,1.065805,-1.066974,1.527755,1224.998463
70.667,1.042858,-1.069876,1.516917,1225.024007
70.700,1.056488,-1.059030,1.507561,1225.043779
70.733,1.065266,-1.049237,1.499695,1225.059103
70.767,1.048259,-1.048350,1.492544,1225.077574
70.800,1.053987,-1.032307,1.493018,1225.094616
70.833,1.141504,-0.861055,1.505998,1225.287372
70.867,1.110647,-0.900338,1.581865,1225.378208
70.900,1.105915,-0.891514,1.580761,1225.388282
70.933,1.102423,-0.884912,1.577601,1225.396391
70.967,1.238102,-0.998110,1.464908,1225.605967
71.000,1.097815,-0.907172,1.523023,1225.782963
71.367,0.503877,-0.998281,1.744208,1226.423265
71.400,0.804021,-0.650869,0.337898,1227.902618
71.433,0.824229,-0.639742,0.338493,1227.925695
71.467,0.842535,-0.620804,0.334368,1227.952355
71.500,0.842228,-0.629918,0.346300,1227.967373
71.533,0.398305,-0.964540,1.759599,1229.486074
71.567,0.881219,-0.586586,0.329312,1231.042280
71.600,0.898342,-0.584518,0.340216,1231.062685
71.633,0.913711,-0.559617,0.331711,1231.093158
71.667,0.930472,-0.543076,0.329504,1231.116810
71.700,0.939770,-0.546332,0.344096,1231.134416
71.733,0.947879,-0.532714,0.341063,1231.150554
71.767,0.962602,-0.525734,0.342964,1231.166958
71.800,0.968032,-0.504565,0.334541,1231.190379
71.833,0.455390,-1.017619,1.491223,1232.555641
71.867,1.007988,-0.482025,0.348382,1233.933433
71.900,1.015005,-0.471799,0.346252,1233.946016
71.933,-0.018992,0.394782,2.184305,1236.226049
71.967,0.221973,-0.862283,1.810726,1237.559405
72.000,0.310947,-0.950281,1.694366,1237.730284
72.033,-0.073831,0.123894,2.284005,1239.014643
72.067,1.041839,-0.434933,0.354875,1241.312152
72.100,1.050458,-0.418335,0.350251,1241.331418
72.133,0.298920,-0.925102,1.686649,1242.946218
72.167,0.191390,-0.830423,1.820778,1243.142477
72.633,1.695974,-0.855857,1.964310,1244.654107
72.667,1.687524,-0.863588,1.959908,1244.666377
72.700,1.679826,-0.869671,1.955873,1244.676986
72.733,1.677520,-0.871164,1.954306,1244.680148
72.767,1.675471,-0.868412,1.943968,1244.691041
72.800,1.669039,-0.877867,1.943290,1244.702496
72.833,1.663561,-0.878459,1.936792,1244.711015
72.867,1.660548,-0.878797,1.931349,1244.717245
72.900,1.658696,-0.881512,1.932141,1244.720626
72.933,1.658619,-0.886182,1.930848,1244.725472
72.967,1.661299,-0.879175,1.925947,1244.734433
73.000,1.656972,-0.875741,1.913992,1244.747603
73.033,1.651328,-0.889971,1.923059,1244.765395
73.067,1.643592,-0.891188,1.913498,1244.777755
73.100,1.644059,-0.890540,1.911110,1244.780272
73.133,1.639785,-0.895761,1.906014,1244.788727
73.167,1.634639,-0.901824,1.908562,1244.797079
73.200,1.632540,-0.904643,1.903232,1244.803464
73.233,1.619541,-0.912825,1.899091,1244.819372
73.267,1.618765,-0.916814,1.901483,1244.824088
73.300,1.612895,-0.923093,1.896916,1244.833821
73.333,1.608079,-0.922812,1.891800,1244.840853
73.367,1.602256,-0.932103,1.890414,1244.851905
73.400,1.603372,-0.933513,1.886633,1244.856092
73.433,1.596886,-0.939998,1.885200,1244.865375
73.467,1.593766,-0.938444,1.879577,1244.871990
73.500,1.590134,-0.946615,1.878626,1244.880983
73.533,1.581840,-0.950397,1.868573,1244.894554
73.567,1.573558,-0.955684,1.868144,1244.904389
73.600,1.576906,-0.959735,1.868310,1244.909647
73.633,1.683093,-0.903753,1.888817,1245.031426
73.667,1.674389,-0.911048,1.884419,1245.043605
73.700,1.880775,-0.741250,1.737850,1245.348415
73.733,2.103659,0.222607,2.425731,1246.553354
73.767,0.591423,-0.340549,3.560402,1248.526038
73.800,2.239932,0.047892,2.010993,1250.821498
73.833,1.777627,-0.827684,1.751090,1251.845172
73.867,1.531347,-1.001809,1.845507,1252.161223
73.900,-0.043225,0.594577,2.264070,1254.442214
73.933,1.665167,-0.918763,1.821486,1256.767011
73.967,-0.176255,0.575744,2.333478,1259.193227
74.000,1.512732,-1.013935,1.835139,1261.565589
74.033,1.509721,-1.015665,1.831023,1261.570975
74.067,1.639398,-0.940159,1.822133,1261.721295
74.100,-0.045164,0.591377,2.237471,1264.035567
74.133,1.628174,-0.945312,1.807818,1266.347725
74.167,1.493940,-1.025200,1.824206,1266.504790
74.200,-0.036915,0.603775,2.223311,1268.775552
74.233,-0.033963,0.604561,2.212276,1268.787001
74.267,1.476260,-1.032397,1.824171,1271.047760
74.300,1.465820,-1.039831,1.819157,1271.061522
74.333,1.459027,-1.039768,1.817190,1271.068595
74.367,1.454694,-1.046680,1.822774,1271.078481
74.400,1.446135,-1.060030,1.831275,1271.096474
74.433,1.445512,-1.053358,1.821747,1271.108122
74.467,1.553785,-0.990064,1.820920,1271.233540
74.500,1.434600,-1.057722,1.814863,1271.370724
74.533,1.438054,-1.059414,1.822633,1271.379394
74.567,-0.000562,0.636927,2.167922,1273.630263
74.600,1.605609,-0.946676,1.753595,1275.923569
74.633,-0.131596,0.627558,2.251866,1278.320311
74.667,1.413543,-1.070604,1.814816,1280.657451
74.700,1.734618,-0.825087,1.619664,1281.106285
74.733,-0.401296,-0.404454,3.251248,1283.826786
74.767,-0.244549,-0.440702,3.347609,1284.014320
74.800,1.885054,0.391312,2.693127,1286.392513
74.833,0.837357,-0.295194,3.557673,1287.914486
74.867,1.376980,-1.092019,1.815837,1289.904490
74.900,1.482604,-1.034909,1.800483,1290.025542
74.933,1.372390,-1.100657,1.822251,1290.155711
74.967,1.569146,-0.965765,1.712759,1290.418194
75.000,1.345737,-1.113793,1.820529,1290.707050
75.033,1.339501,-1.121525,1.830315,1290.720994
75.067,1.641432,-0.863295,1.590996,1291.184803
75.100,1.319989,-1.119436,1.825362,1291.657943
75.133,1.310543,-1.121690,1.823353,1291.667860
75.167,1.307193,-1.130942,1.828541,1291.678984
75.200,1.297995,-1.140412,1.833022,1291.692925
75.233,1.296222,-1.142677,1.837837,1291.698533
75.267,1.289758,-1.146819,1.841762,1291.707156
75.300,1.281105,-1.140708,1.828239,1291.724334
75.333,1.274510,-1.147682,1.835381,1291.736298
75.367,1.267527,-1.145066,1.830495,1291.745213
75.400,1.262935,-1.146832,1.830512,1291.750134
75.433,1.253898,-1.144881,1.828483,1291.759599
75.467,1.246994,-1.149081,1.831235,1291.768136
75.500,1.242431,-1.149645,1.835894,1291.774681
75.533,1.237026,-1.146178,1.831303,1291.782575
75.567,1.225563,-1.156112,1.841574,1291.800893
75.600,1.230187,-1.149013,1.834141,1291.812163
75.633,1.213041,-1.152910,1.830322,1291.830156
75.667,1.211856,-1.156159,1.839337,1291.839811
75.700,1.199539,-1.156346,1.835990,1291.852576
75.733,1.210096,-1.161273,1.843682,1291.866536
75.767,1.194641,-1.162290,1.846638,1291.882304
75.800,1.190819,-1.159602,1.847699,1291.887096
75.833,1.189824,-1.161699,1.844319,1291.891196
75.867,1.180889,-1.160265,1.847995,1291.900962
75.900,1.178818,-1.158901,1.849443,1291.903834
75.933,1.178118,-1.154979,1.840723,1291.913421
75.967,1.163983,-1.161196,1.846293,1291.929836
76.000,1.164850,-1.166651,1.855487,1291.940562
76.033,1.165458,-1.165369,1.855368,1291.941986
76.067,1.147823,-1.166934,1.854112,1291.959734
76.100,1.147589,-1.168850,1.861585,1291.967453
76.133,1.135964,-1.160485,1.847860,1291.987289
76.167,1.129854,-1.166192,1.855629,1291.998702
76.200,1.134718,-1.169921,1.863791,1292.008909
76.233,1.119280,-1.167870,1.860731,1292.024780
76.267,1.116104,-1.159702,1.851546,1292.037476
76.300,1.123875,-1.156147,1.851586,1292.046022
76.333,1.109067,-1.160588,1.856963,1292.062390
76.367,1.109705,-1.158131,1.855045,1292.065571
76.400,1.102218,-1.163529,1.861307,1292.076724
76.433,1.092002,-1.162552,1.864673,1292.087524
76.467,1.094799,-1.155470,1.857314,1292.098113
76.500,1.085168,-1.159726,1.867846,1292.113006
76.533,1.081333,-1.142192,1.849317,1292.138802
76.567,1.076281,-1.151755,1.864197,1292.157198
76.600,1.069117,-1.147517,1.864716,1292.165537
76.633,1.076255,-1.142513,1.865072,1292.174261
76.667,1.073036,-1.146263,1.874820,1292.185189
76.700,1.063923,-1.150531,1.881128,1292.197066
76.733,1.065183,-1.150567,1.889581,1292.205612
76.767,1.061613,-1.152509,1.894126,1292.211710
76.800,1.056498,-1.141845,1.885537,1292.226327
76.833,1.052370,-1.137916,1.886864,1292.232179
76.867,1.052516,-1.135030,1.889590,1292.236151
76.900,1.043664,-1.135419,1.899635,1292.249546
76.933,1.047859,-1.134454,1.908405,1292.259315
76.967,1.041004,-1.135829,1.916066,1292.269687
77.000,1.035248,-1.128458,1.916042,1292.279039
77.033,1.039264,-1.120201,1.919540,1292.288864
77.067,1.033296,-1.126623,1.935473,1292.307050
77.100,1.026911,-1.117458,1.935842,1292.318227
77.133,1.039282,-1.117704,1.946430,1292.334512
77.167,1.033928,-1.123830,1.966246,1292.355934
77.200,1.041738,-1.116627,1.965612,1292.366577
77.233,1.042717,-1.119996,1.974698,1292.376317
77.267,1.037476,-1.112034,1.975951,1292.385931
77.300,1.038995,-1.112806,1.988207,1292.398305
77.333,1.028955,-1.113202,1.998056,1292.412375
77.367,1.032808,-1.111257,2.001080,1292.417645
77.400,1.033300,-1.106046,2.002406,1292.423044
77.433,1.028897,-1.104987,2.006990,1292.429488
77.467,1.026829,-1.101557,2.009269,1292.434097
77.500,1.026718,-1.094968,2.005476,1292.441700
77.533,1.025781,-1.092354,2.014393,1292.451040
77.567,1.032617,-1.092088,2.018298,1292.458917
77.600,1.030859,-1.090977,2.031263,1292.472048
77.633,1.040029,-1.084794,2.032237,1292.483151
77.667,1.033545,-1.085812,2.037715,1292.491700
77.700,1.034377,-1.082659,2.045429,1292.500076
77.733,1.031733,-1.081364,2.049447,1292.505057
77.767,1.039177,-1.073200,2.047869,1292.516217
77.800,1.034648,-1.077142,2.059767,1292.529545
77.833,1.029274,-1.071342,2.061147,1292.537571
77.867,1.032012,-1.065712,2.056387,1292.545435
77.900,1.030737,-1.060879,2.054929,1292.550643
77.933,1.023798,-1.059975,2.056790,1292.557883
77.967,1.026872,-1.056017,2.053044,1292.564140
78.000,1.017627,-1.044479,2.044471,1292.581231
78.033,1.007519,-1.043633,2.042991,1292.591482
78.067,1.013764,-1.039825,2.036209,1292.601456
78.100,1.012955,-1.037168,2.032066,1292.606444
78.133,1.015380,-1.036217,2.029413,1292.610162
78.167,1.009401,-1.031218,2.021404,1292.621337
78.200,1.009605,-1.031728,2.019875,1292.622961
78.233,1.004665,-1.028550,2.011644,1292.633074
78.267,1.007082,-1.025975,2.006183,1292.639577
78.300,0.996532,-1.027183,2.003611,1292.650503
78.333,0.994619,-1.025961,1.999061,1292.655587
78.367,0.994500,-1.025027,1.994672,1292.660076
78.400,0.994490,-1.025564,1.992850,1292.661976
78.433,0.987414,-1.013394,1.973346,1292.686030
78.467,0.987796,-1.009951,1.967778,1292.692587
78.500,0.981597,-1.008873,1.963537,1292.700175
78.533,0.989442,-1.010407,1.958451,1292.709651
78.567,0.985752,-1.004286,1.952336,1292.719057
78.600,0.991937,-1.006925,1.952536,1292.725784
78.633,0.995673,-0.996860,1.938254,1292.743651
78.667,1.061344,-0.953859,1.900908,1292.830580
78.700,0.990075,-0.990649,1.926971,1292.914913
78.733,0.982627,-0.981874,1.908964,1292.936284
78.767,0.978381,-0.981504,1.907655,1292.940742
78.800,1.042823,-0.934595,1.861093,1293.033052
78.833,0.962482,-0.970144,1.892186,1293.126246
78.867,1.023050,-0.914829,1.837817,1293.224654
78.900,0.949221,-0.959460,1.868527,1293.316227
78.933,0.937628,-0.962241,1.864132,1293.328934
78.967,0.927109,-0.961923,1.859039,1293.340626
79.000,0.909603,-0.969061,1.861334,1293.359670
79.033,0.939414,-0.916990,1.810958,1293.438015
79.067,0.886020,-0.957478,1.843486,1293.512502
79.100,0.932873,-0.910880,1.793214,1293.595531
79.133,0.909888,-0.899418,1.778078,1293.625344
79.167,0.900787,-0.902398,1.779506,1293.635027
79.200,0.888764,-0.897248,1.772913,1293.649674
79.233,0.865639,-0.889518,1.761487,1293.676601
79.267,0.861061,-0.893344,1.761486,1293.682567
79.300,0.844492,-0.872575,1.740444,1293.716459
79.333,0.799797,-0.860639,1.736445,1293.762893
79.367,0.816850,-0.857514,1.729447,1293.781589
79.400,0.761140,-0.846949,1.726005,1293.838396
79.433,0.804314,-0.836428,1.712615,1293.884806
79.467,0.760846,-0.830115,1.712188,1293.928732
79.500,0.757674,-0.826105,1.707914,1293.935397
79.533,0.755094,-0.829260,1.707463,1293.939496
79.567,0.739477,-0.809869,1.693498,1293.968043
79.600,0.751032,-0.827879,1.702700,1293.991335
79.633,0.714507,-0.814693,1.699781,1294.030276
79.667,0.728984,-0.830300,1.702478,1294.051734
79.700,0.707004,-0.822323,1.700045,1294.075243
79.733,0.715262,-0.812009,1.688183,1294.093000
79.767,0.688063,-0.826718,1.702069,1294.126897
79.800,0.687881,-0.821274,1.695834,1294.135177
79.833,0.682902,-0.816856,1.689236,1294.144549
79.867,0.681282,-0.792549,1.674656,1294.172939
79.900,0.686859,-0.816550,1.684872,1294.199613
79.933,0.670117,-0.808085,1.685240,1294.218378
79.967,0.657324,-0.811942,1.687081,1294.231866
80.000,0.679825,-0.810247,1.676126,1294.256950
80.033,0.664931,-0.800373,1.672692,1294.275146
80.067,0.668023,-0.799087,1.668304,1294.280666
80.100,0.686871,-0.795644,1.658517,1294.302180
80.133,0.647405,-0.803029,1.671405,1294.344349
80.167,0.662148,-0.798369,1.662436,1294.362224
80.200,0.661571,-0.785119,1.649083,1294.381045
80.233,0.683741,-0.800842,1.649334,1294.408225
80.267,0.691790,-0.791423,1.638575,1294.424634
80.300,0.679066,-0.783186,1.630183,1294.441960
80.333,0.664839,-0.814647,1.651852,1294.482725
80.367,0.686154,-0.793341,1.628554,1294.520819
80.400,0.682633,-0.769663,1.606449,1294.553402
80.433,0.677705,-0.773164,1.605277,1294.559560
80.467,0.651724,-0.833938,1.669737,1294.651884
80.500,0.641802,-0.820401,1.659970,1294.671303
80.533,0.640219,-0.816043,1.656261,1294.677240
80.567,0.638995,-0.813053,1.654225,1294.681059
80.600,0.634564,-0.806027,1.649690,1294.690523
80.633,0.636648,-0.801562,1.645605,1294.696923
80.667,0.631228,-0.790905,1.639760,1294.710232
80.700,0.639095,-0.792672,1.642340,1294.718697
80.733,0.629852,-0.809417,1.660901,1294.745349
80.767,0.625756,-0.805356,1.658834,1294.751477
80.800,0.593364,-0.718296,1.599541,1294.861678
80.833,0.587934,-0.712254,1.596188,1294.870466
80.867,0.582319,-0.705209,1.590986,1294.880869
80.900,0.581562,-0.705651,1.590167,1294.882069
80.933,0.573671,-0.693497,1.583648,1294.897959
80.967,0.612975,-0.777050,1.629425,1295.001019
81.000,0.611696,-0.781877,1.632877,1295.007089
81.033,0.567146,-0.679363,1.573829,1295.133503
81.067,0.611049,-0.771630,1.626424,1295.248425
81.100,0.612931,-0.768026,1.626817,1295.252510
81.133,0.616644,-0.768466,1.627618,1295.256333
81.167,0.630325,-0.773309,1.636871,1295.273545
81.200,0.616742,-0.749130,1.625645,1295.303464
81.233,0.618306,-0.743791,1.627078,1295.309208
81.267,0.635536,-0.754502,1.639557,1295.333027
81.300,0.635416,-0.741557,1.637432,1295.346146
81.333,0.623557,-0.719592,1.630780,1295.371979
81.367,0.636892,-0.723159,1.640783,1295.389027
81.400,0.641027,-0.713809,1.642387,1295.399375
81.433,0.638167,-0.704943,1.648405,1295.410466
81.467,0.545100,-0.463785,1.546464,1295.688334
81.500,0.544359,-0.451031,1.553213,1295.702782
81.533,0.637700,-0.493457,1.550925,1295.805337
81.567,0.638681,-0.652384,1.669797,1296.003805
81.600,0.618418,-0.660769,1.689211,1296.033093
81.633,0.522646,0.143661,1.485011,1296.868544
81.667,0.527916,0.145697,1.491886,1296.877443
81.700,0.636114,-0.605245,1.665437,1297.655736
81.733,0.545807,0.162802,1.501779,1298.446201
81.767,0.546098,0.180386,1.511280,1298.466190
81.800,0.555252,0.194273,1.516531,1298.483631
81.900,0.557106,-0.514583,1.626306,1299.200939
81.933,0.556411,-0.505785,1.623227,1299.210287
81.967,0.555605,-0.491965,1.619740,1299.224562
82.000,0.558097,-0.478045,1.615234,1299.239404
82.033,0.556683,-0.468638,1.611882,1299.249490
82.067,0.558800,-0.456282,1.608129,1299.262576
82.100,0.556594,-0.451712,1.606062,1299.268055
82.133,0.556757,-0.442231,1.603459,1299.277888
82.167,0.557708,-0.433795,1.600307,1299.286944
82.200,0.558675,-0.430586,1.597067,1299.291606
82.233,0.588237,-0.407385,1.585212,1299.331011
82.267,0.588585,-0.399161,1.581379,1299.340091
82.300,0.589083,-0.389779,1.576741,1299.350568
82.333,0.589228,-0.378930,1.571719,1299.362524
82.367,0.588766,-0.369477,1.566232,1299.373465
82.400,0.588780,-0.358578,1.560222,1299.385910
82.433,0.588624,-0.347612,1.554290,1299.398379
82.467,0.593425,-0.319542,1.549025,1299.427339
82.500,0.595086,-0.292625,1.544285,1299.454721
82.533,0.596614,-0.275239,1.538795,1299.473016
82.567,0.600359,-0.246839,1.534515,1299.501981
82.600,0.589576,-0.227276,1.529318,1299.524915
82.633,0.615306,-0.165071,1.530216,1299.592238
82.667,0.711708,-0.242609,1.431976,1299.750214
82.700,0.714926,-0.225324,1.426829,1299.768534
82.733,0.716419,-0.232038,1.401586,1299.794697
82.767,0.700236,-0.169731,1.411294,1299.859799
82.800,0.710811,-0.259525,1.353600,1299.967053
82.833,0.714842,-0.262533,1.333012,1299.988247
82.867,0.716942,-0.259649,1.317672,1300.003996
82.900,0.719017,-0.256565,1.304091,1300.018076
82.933,0.718017,-0.236110,1.289102,1300.043455
82.967,0.713104,-0.233839,1.273617,1300.059858
83.000,0.706261,-0.231652,1.260822,1300.074532
83.033,0.703486,-0.234124,1.245121,1300.090667
83.067,0.711255,-0.236255,1.232259,1300.105844
83.100,0.721971,-0.319011,1.191104,1300.198887
83.133,0.705047,-0.233816,1.209398,1300.287652
83.167,0.700062,-0.233698,1.196028,1300.301922
83.200,0.700727,-0.237365,1.182178,1300.316264
83.233,0.709869,-0.240851,1.169000,1300.332678
83.267,0.697960,-0.248357,1.155211,1300.352384
83.300,0.705673,-0.261613,1.135490,1300.377367
83.333,0.706628,-0.264172,1.126075,1300.387170
83.367,0.715220,-0.249717,1.130733,1300.404619
83.400,0.702399,-0.251247,1.123284,1300.419525
83.433,0.701995,-0.251249,1.116407,1300.426414
83.467,0.703850,-0.249169,1.109669,1300.433706
83.500,0.718894,-0.247515,1.102948,1300.450265
83.533,0.721770,-0.245755,1.095434,1300.458501
83.567,0.725014,-0.244756,1.088993,1300.465782
83.600,0.730632,-0.240193,1.083312,1300.474983
83.633,0.735445,-0.238696,1.075453,1300.484320
83.667,0.739698,-0.237850,1.067199,1300.493643
83.700,0.745928,-0.241558,1.055060,1300.507782
83.733,0.758993,-0.253970,1.037011,1300.533288
83.767,0.765804,-0.250942,1.027430,1300.545426
83.800,0.772229,-0.247272,1.017115,1300.558121
83.833,0.646761,0.099880,1.180635,1300.961847
83.867,0.662531,0.141666,1.187961,1301.007106
83.900,0.669420,0.155839,1.182382,1301.023824
83.933,0.676785,0.169706,1.176199,1301.040699
83.967,0.677385,0.171421,1.167604,1301.049484
84.000,0.687003,0.192233,1.168575,1301.072431
84.033,0.689419,0.201721,1.166261,1301.082492
84.067,0.700955,0.211054,1.159800,1301.098676
84.100,0.691835,0.217080,1.155836,1301.110304
84.133,0.694267,0.230811,1.156579,1301.124268
84.167,0.702340,0.236335,1.150535,1301.135767
84.200,0.704818,0.243986,1.148500,1301.144063
84.233,0.707090,0.254420,1.148026,1301.154752
84.267,0.721344,0.262961,1.143587,1301.171952
84.300,0.706526,0.266131,1.140586,1301.187399
84.333,0.719877,0.275330,1.138141,1301.203796
84.367,0.719333,0.278549,1.135770,1301.207830
84.400,0.718959,0.285554,1.134917,1301.214896
84.433,0.718812,0.291899,1.136108,1301.221354
84.467,0.734573,0.299787,1.132550,1301.239334
84.500,0.736464,0.309199,1.135638,1301.249418
84.533,0.760412,0.301250,1.113005,1301.283314
84.567,0.748474,0.316887,1.132797,1301.311221
84.600,0.763276,0.315753,1.119118,1301.331408
84.633,0.746186,0.318253,1.131818,1301.352847
84.667,0.759782,0.316968,1.117839,1301.372390
84.700,0.765991,0.311879,1.113288,1301.381618
84.733,0.765963,0.315208,1.114081,1301.385041
84.767,0.767259,0.315452,1.112045,1301.387466
84.800,0.776132,0.324611,1.117227,1301.401231
84.833,0.764599,0.326741,1.119394,1301.413158
84.867,0.763090,0.318903,1.113681,1301.422973
84.900,0.766860,0.319896,1.113148,1301.426909
84.933,0.769784,0.326409,1.116808,1301.434931
84.967,0.777171,0.326311,1.115089,1301.442516
85.000,0.774371,0.335628,1.121503,1301.454169
85.033,0.780132,0.341269,1.122933,1301.462357
85.067,0.773725,0.335637,1.121891,1301.470950
85.100,0.774746,0.341655,1.126441,1301.478564
85.133,0.787870,0.343228,1.126875,1301.491789
85.167,0.783375,0.342683,1.127347,1301.496341
85.200,0.773201,0.333029,1.124236,1301.510708
85.233,0.776018,0.340549,1.128613,1301.519854
85.267,0.779689,0.335119,1.125288,1301.527203
85.300,0.773727,0.327037,1.122553,1301.537611
85.333,0.791296,0.344015,1.131376,1301.563587
85.367,0.774932,0.335286,1.128736,1301.582321
85.400,0.774571,0.340534,1.132885,1301.589021
85.433,0.787980,0.340267,1.129560,1301.602839
85.467,0.774624,0.338502,1.132567,1301.616642
85.500,0.785005,0.330933,1.126765,1301.630738
85.533,0.785721,0.348552,1.136706,1301.650980
85.567,0.772154,0.335935,1.131612,1301.670195
85.600,0.775224,0.336768,1.131967,1301.673395
85.633,0.790566,0.330921,1.127927,1301.690304
85.667,0.774408,0.328185,1.128712,1301.706711
85.700,0.777433,0.328651,1.130150,1301.710094
85.733,0.777772,0.327052,1.131546,1301.712243
85.767,0.773216,0.325532,1.129557,1301.717440
85.800,0.767925,0.335002,1.138649,1301.731594
85.833,0.775125,0.322031,1.131273,1301.748162
85.867,0.780011,0.323255,1.130623,1301.753240
85.900,0.784539,0.322962,1.132343,1301.758093
85.933,0.777873,0.324034,1.137063,1301.766332
85.967,0.785034,0.322439,1.137349,1301.773674
86.000,0.784957,0.316270,1.136246,1301.779941
86.033,0.779180,0.313672,1.137201,1301.786347
86.067,0.777937,0.320632,1.144733,1301.796677
86.100,0.763673,0.321780,1.161300,1301.818569
86.133,0.783506,0.317822,1.145341,1301.844332
86.167,0.784575,0.317868,1.148156,1301.847344
86.200,0.771051,0.307242,1.145768,1301.864709
86.233,0.775792,0.313159,1.152087,1301.874579
86.267,0.784819,0.306975,1.149195,1301.885896
86.300,0.777472,0.303953,1.152790,1301.894616
86.333,0.787917,0.302458,1.153133,1301.905172
86.367,0.782862,0.308761,1.162912,1301.917858
86.400,0.774889,0.304794,1.165919,1301.927257
86.433,0.764970,0.301284,1.169274,1301.938301
86.467,0.776543,0.302748,1.174453,1301.951065
86.500,0.774146,0.301437,1.178244,1301.955738
86.533,0.780358,0.313568,1.189558,1301.973452
86.567,0.772027,0.303421,1.189482,1301.986582
86.600,0.767591,0.304642,1.195371,1301.994055
86.633,0.776374,0.307520,1.202898,1302.005975
86.667,0.762444,0.308480,1.210807,1302.022022
86.700,0.819438,-0.093119,1.018060,1302.471111
86.733,0.750303,0.302824,1.231696,1302.926293
86.767,0.751532,0.294167,1.232052,1302.935044
86.800,0.755229,0.301815,1.241888,1302.948041
86.833,0.743671,0.304905,1.251037,1302.963102
86.867,0.741137,0.294645,1.251696,1302.973692
86.900,0.744083,0.300495,1.262273,1302.986133
86.933,0.738770,0.290403,1.262825,1302.997551
86.967,0.730100,0.292388,1.270161,1303.009081
87.000,0.785396,-0.041031,1.090923,1303.391642
87.033,0.779833,-0.037472,1.098153,1303.401434
87.067,0.774603,-0.034895,1.103301,1303.409212
87.100,0.702543,0.259332,1.277596,1303.758698
87.133,0.706525,0.258392,1.281466,1303.764329
87.167,0.696820,0.253303,1.284695,1303.775753
87.200,0.693405,0.244044,1.283779,1303.785664
87.233,0.685253,0.250681,1.294613,1303.800759
87.267,0.681366,0.244030,1.295121,1303.808479
87.300,0.688109,0.245407,1.300717,1303.817349
87.333,0.809496,-0.085956,1.104957,1304.220906
87.367,0.751764,-0.010936,1.155413,1304.328176
87.400,0.795959,-0.073378,1.121013,1304.412055
87.433,0.744483,-0.004332,1.167984,1304.510154
87.467,0.744394,-0.007858,1.174215,1304.517313
87.500,0.739307,-0.008521,1.177130,1304.523214
87.533,0.733717,0.002561,1.188891,1304.540312
87.567,0.759856,-0.032495,1.167217,1304.589118
87.600,0.727157,0.004839,1.197984,1304.647510
87.633,0.721832,0.007030,1.204144,1304.655943
87.667,0.717508,0.008771,1.210741,1304.664020
87.700,0.715091,-0.004261,1.207444,1304.677678
87.733,0.707548,0.011248,1.219929,1304.698969
87.767,0.705910,-0.001820,1.217907,1304.712293
87.800,0.700050,0.016383,1.233085,1304.736707
87.833,0.698559,0.003212,1.230395,1304.750233
87.867,0.714087,-0.009755,1.222834,1304.771830
87.900,0.703019,0.001685,1.237409,1304.793413
87.933,0.684493,0.093013,1.297150,1304.904106
87.967,0.676498,0.072327,1.293733,1304.926545
88.000,0.673613,0.074053,1.298574,1304.932439
88.033,0.672767,0.059470,1.295145,1304.947444
88.067,0.682505,0.016099,1.274484,1304.996462
88.100,0.679859,0.018296,1.280638,1305.003513
88.133,0.678620,0.020904,1.286682,1305.010211
88.167,0.667677,0.085390,1.328439,1305.087811
88.200,0.663584,0.087029,1.332529,1305.093825
88.233,0.661533,0.075221,1.331515,1305.105853
88.267,0.667573,0.088672,1.338463,1305.122152
88.300,0.664739,0.094688,1.346552,1305.132624
88.333,0.664354,0.096933,1.351220,1305.137818
88.367,0.666994,0.095789,1.353034,1305.141219
88.400,0.665237,0.099720,1.357769,1305.147620
88.433,0.668619,0.096809,1.357364,1305.152100
88.467,0.667733,0.103475,1.364132,1305.161641
88.500,0.684892,0.042148,1.329155,1305.234297
88.533,0.673809,0.109219,1.372672,1305.315013
88.567,0.677008,0.112951,1.378054,1305.322302
88.600,0.681185,0.112383,1.378792,1305.326582
88.633,0.682278,0.116897,1.383075,1305.332900
88.667,0.683164,0.122024,1.388242,1305.340232
88.700,0.680265,0.128455,1.393704,1305.349153
88.733,0.679422,0.134122,1.401106,1305.358514
88.767,0.697060,0.146646,1.398953,1305.380253
88.800,0.696118,0.149573,1.401236,1305.384082
88.833,0.689040,0.145035,1.401169,1305.392490
88.867,0.691696,0.144957,1.398975,1305.395935
88.900,0.689383,0.146348,1.406862,1305.404272
88.933,0.692294,0.149720,1.411717,1305.410861
88.967,0.695290,0.153477,1.421433,1305.421700
89.000,0.697943,0.151700,1.422597,1305.425100
89.033,0.703178,0.151430,1.425308,1305.431001
89.067,0.701687,0.151658,1.435891,1305.441691
89.100,0.624510,0.156288,1.542304,1305.573225
89.133,0.624616,0.151839,1.545393,1305.578643
89.167,0.625350,0.150427,1.549999,1305.583516
89.200,0.627951,0.151881,1.555800,1305.590038
89.233,0.629538,0.145052,1.557325,1305.597213
89.267,0.632909,0.149767,1.565979,1305.607629
89.300,0.641397,0.156931,1.573858,1305.621247
89.333,0.643951,0.152362,1.579381,1305.628857
89.367,0.646611,0.150854,1.587587,1305.637614
89.400,0.647173,0.147735,1.596195,1305.646787
89.433,0.649103,0.143738,1.602375,1305.654396
89.467,0.656466,0.149367,1.610981,1305.667043
89.500,0.659457,0.145724,1.616168,1305.674052
89.533,0.662167,0.149328,1.626297,1305.685139
89.567,0.667826,0.150401,1.632525,1305.693622
89.600,0.665422,0.143323,1.639406,1305.703782
89.633,0.667609,0.146803,1.648783,1305.714020
89.667,0.670662,0.141095,1.652706,1305.721590
89.700,0.674242,0.148058,1.663361,1305.734812
89.733,0.682075,0.149074,1.667699,1305.743823
89.767,0.635077,0.147964,1.673238,1305.791159
89.800,0.642213,0.146892,1.676104,1305.798924
89.833,0.700868,0.139187,1.675334,1305.858088
94.167,0.792650,0.533812,2.318048,1306.617848
94.400,0.821718,0.575763,2.339933,1306.673378
94.433,0.822364,0.578836,2.343008,1306.677774
94.467,0.826577,0.583898,2.345367,1306.684770
94.500,0.831942,0.588082,2.347055,1306.691780
94.533,0.832995,0.593975,2.353010,1306.700224
94.567,0.836239,0.596548,2.355533,1306.705073
94.600,0.836187,0.597810,2.357894,1306.707750
94.633,0.838467,0.601488,2.364855,1306.715946
94.667,0.843157,0.602740,2.366491,1306.721068
94.700,0.848644,0.608290,2.371474,1306.730328
94.733,0.848274,0.612679,2.376940,1306.737348
94.767,0.851592,0.615483,2.382513,1306.744414
94.800,0.855665,0.620255,2.389134,1306.753535
94.833,0.856688,0.620396,2.392789,1306.757334
94.867,0.860440,0.622672,2.397628,1306.763866
94.900,0.862762,0.625289,2.406511,1306.773414
94.933,0.866382,0.625140,2.410049,1306.778478
94.967,0.869142,0.628472,2.419070,1306.788482
95.000,0.871856,0.627433,2.423051,1306.793412
95.033,0.872564,0.626069,2.426763,1306.797429
